feature_1,feature_2,feature_3,feature_4,feature_5,category,target
0.4967141530112327,4.099033154879003,4.071064891256277,0.7202747518555784,9,C,0
-0.13826430117118466,3.386950524369153,0.6600984414024158,1.6575139865625435,9,B,0
0.6476885381006925,2.0894455548802613,3.488205339694793,3.257291316346257,26,B,0
1.5230298564080254,1.0295948334416392,1.1099809879131484,0.29502532626943795,4,A,0
-0.23415337472333597,3.047334970420385,8.082352100092221,1.7383328830727258,81,A,1
-0.23413695694918055,2.5902280781326246,9.476880259644707,1.408451687456386,16,C,0
1.5792128155073915,3.3427898300415984,0.7231647525793861,0.311153893622715,15,A,0
0.7674347291529088,2.952757702522954,9.551152072917015,1.9563242155038065,99,A,1
-0.4694743859349521,3.574329072979003,5.225765993367451,0.6394201891424889,52,C,0
0.5425600435859647,1.197147182659148,2.9956567795387388,1.338214219389978,69,B,0
-0.46341769281246226,3.9760910984514886,0.7686207527616351,0.17170916382021603,5,C,0
-0.46572975357025687,2.2963994070385993,5.006242680704178,1.2308323430119832,20,A,1
0.24196227156603412,5.112891308937899,7.945155444907487,0.7319027259094274,79,C,1
-1.913280244657798,0.9662182728656482,7.070864772666981,3.456231322288964,18,B,1
-1.7249178325130328,4.603945704747874,0.5022601146397376,0.11733287549123396,2,C,0
-0.5622875292409727,2.296866175193972,0.7290183536790351,1.0846576073901444,93,A,1
-1.0128311203344238,1.0228729945783275,4.028732826326371,1.226571159979007,13,A,0
0.3142473325952739,1.2741712489185177,2.9529049404794327,2.5820125543856736,4,C,0
-0.9080240755212111,1.5194790377085197,2.3238432305604784,1.7079824391296545,42,B,0
-1.4123037013352917,2.6362489196028744,2.810044989087136,2.200501283236406,74,C,0
1.465648768921554,2.7842532320532496,8.034827432968846,3.001609087680057,61,B,0
-0.22577630048653566,1.1394499940921314,9.29228053631854,3.96394700031567,95,B,0
0.06752820468792384,1.9634681116085257,4.051026945275664,0.7533923521313282,8,C,0
-1.4247481862134568,5.2134055379177955,9.061110021324971,1.5444790698348136,67,B,0
-0.5443827245251827,4.591314755151067,3.21495701247882,3.6665143644792724,63,A,1
0.11092258970986608,2.6544855045110483,4.764369863437916,9.103473250571453,9,C,0
-1.1509935774223028,2.0570052172523003,2.260289978159997,4.405829067747561,94,B,1
0.37569801834567196,2.180046990077392,6.404760421758439,0.9287343284015575,11,A,0
-0.600638689918805,2.920276959095625,9.78981115174809,0.434239753297026,99,C,1
-0.2916937497932768,0.46581115220239167,6.034930960433787,1.3443083178799513,42,A,0
-0.6017066122293969,1.6139351938649822,3.5781408411354887,2.70681387452814,13,A,0
1.8522781845089378,-0.5028761108163848,6.478174459905284,1.3567893546702774,36,A,0
-0.013497224737933914,2.598834683907919,1.2292067846538757,1.3201245960149812,13,B,1
-1.0577109289559,2.9707939095541116,8.886590802653986,3.64316461721973,12,C,1
0.822544912103189,1.275220306550939,5.030839507798364,0.8969658329129896,37,C,0
-1.2208436499710222,4.3609801449350485,4.49349742039642,3.9292946446088846,74,B,0
0.2088635950047554,0.16135150549648847,5.858647884535192,1.0444635241230027,73,C,1
-1.9596701238797756,-0.19656232031472998,6.2478386278940246,0.7956877641737563,52,A,1
-1.3281860488984305,2.336677727839958,0.7177580622651303,1.2102356515034258,71,C,0
0.19686123586912352,3.570647453918232,6.826172212234024,2.8747286970940116,2,B,0
0.7384665799954104,4.525891537186803,2.419316803155296,0.26935444707962614,56,A,0
0.1713682811899705,1.31167360569659,7.139526325065898,0.4373551171244483,60,B,1
-0.11564828238824053,3.6180212501469433,8.225347943841967,6.050109024877095,23,A,0
-0.3011036955892888,1.942237295748939,8.039585075525203,0.3859359645019424,40,A,1
-1.4785219903674274,1.7410590500887706,5.525009674078891,1.6773973627467769,64,C,0
-0.7198442083947086,3.3254899062300085,5.201698923107512,1.731739352196458,85,A,0
-0.4606387709597875,2.978484317620129,1.4287596133941172,1.345216950629064,23,B,0
1.0571222262189157,-0.3645882354763741,7.753461504031356,2.0698402744452835,29,C,1
0.3436182895684614,4.214810524588843,2.7140938044671437,0.5222795160370358,78,B,1
-1.763040155362734,4.0701370312211775,4.966954228179466,1.6088828331658973,90,A,0
0.324083969394795,1.061655947735706,2.842740929275167,0.9309820694561635,51,B,1
-0.38508228041631654,2.5937053001561137,1.3382836299969314,2.167450857548966,69,B,0
-0.6769220003059587,2.741045279424108,6.2955769689173655,0.3044932552420914,95,A,0
0.6116762888408679,2.3910106487358607,0.5433203482290383,1.6920253184751257,89,C,0
1.030999522495951,1.1745422692318699,7.486452341262,0.4097978903413981,31,B,0
0.9312801191161986,0.9925649480929226,3.1758679526111666,0.6532424122102826,50,A,0
-0.8392175232226385,1.9616688935128321,0.0013469300448532007,0.49361724733901113,20,C,1
-0.3092123758512146,3.7590935288890472,5.111291392372298,0.4038352959592348,55,C,0
0.33126343140356396,2.8154002318916485,0.46851908527603126,3.494080320207032,81,C,1
0.9755451271223592,1.444078501870841,2.761695578208995,0.6729256627813774,2,B,0
-0.47917423784528995,3.157548065972517,7.069764874557162,5.237985838081075,25,B,1
-0.18565897666381712,-2.272813930945113,0.6268962162186587,7.008223472904364,13,B,0
-1.1063349740060282,3.723148550558155,8.393384923560024,1.6938114009570275,92,C,0
-1.1962066240806708,-0.6095706681671494,0.03819922658583108,0.30863734076045723,70,B,0
0.812525822394198,1.4563385878953017,2.4682386920190225,0.938562159509663,67,A,0
1.356240028570823,0.3204951580607842,7.409040561520714,3.1963260604345747,58,B,1
-0.07201012158033385,0.05797778641864171,3.162701497293068,0.9158046246973368,99,B,0
1.0035328978920242,3.741240181067779,1.0189238806601353,0.18207651520840312,82,C,1
0.36163602504763415,1.298448198032163,3.6023391880042785,1.6274001967779157,75,B,0
-0.6451197546051243,2.519755822596074,2.7039328638452553,3.7302203064962662,84,A,0
0.36139560550841393,1.929619131681224,8.427119021605549,3.17854900578378,64,C,0
1.5380365664659692,2.715561240834682,3.1334791758514315,0.385042329104034,69,A,1
-0.03582603910995153,2.115232836590383,7.889324717760072,2.2341510668796167,83,C,1
1.564643655814006,0.07551166371714557,8.918721448107348,0.49821611989691567,86,C,0
-2.6197451040897444,3.49440022917071,4.338174195765295,0.49233192622348865,59,B,0
0.8219025043752238,1.2593651252580313,9.09943143854392,4.1440863274747155,60,A,0
0.08704706823817134,-0.3348728479896266,3.7731805396319285,0.5744815469842641,83,C,1
-0.29900735046586785,1.3578272585511313,9.640784164901081,0.611006111532981,62,B,1
0.0917607765355023,4.2511396859514665,0.8928952452557293,0.0013072086281407382,16,C,0
-1.9875689146008928,3.275332613170239,6.870192665032428,4.0907610665774445,88,C,0
-0.21967188783751193,1.4770217983882112,4.938140404569287,3.1461619497291666,68,C,0
0.3571125715117464,1.4761134435223568,3.8764880545564706,1.9741182238451738,15,C,1
1.477894044741516,1.517547423173926,6.327118787486009,2.774715964639595,89,C,0
-0.5182702182736474,5.115121975341261,7.038570916343312,0.32986383547325965,55,C,1
-0.8084936028931876,2.57290317834733,0.04363269650309087,1.226172987650191,35,B,0
-0.5017570435845365,2.6450624707866046,1.6695308874719872,0.8653213169686854,55,C,1
0.9154021177020741,3.5454251810477633,7.130460506343187,0.19693868718841515,14,A,1
0.32875110965968446,2.35818373853977,6.663854135782064,1.3315718160826022,49,B,1
-0.5297602037670388,1.6114367812689454,9.660475051286772,5.070034559411854,83,A,1
0.5132674331133561,1.7054752263725326,7.61037790250783,0.08176715752199795,7,C,1
0.09707754934804039,1.892598110878904,9.50772707731338,0.6891001068077179,30,A,0
0.9686449905328892,1.9441666452352375,7.02540501534807,0.4652288581661595,83,C,0
-0.7020530938773524,3.09144431545547,2.9805220863944317,0.5440024013938879,49,C,0
-0.3276621465977682,2.077918828710949,1.0536492225085647,4.781402564769317,89,B,1
-0.39210815313215763,3.0989601158233686,7.818238633449356,1.2624831985153424,16,B,0
-1.4635149481321186,1.8789251298371266,6.441492214759159,1.255840591322481,51,C,1
0.29612027706457605,2.117952785474136,0.4818601239329623,2.8590354938077303,72,B,1
0.26105527217988933,-0.9973010267981615,3.6005046590097836,0.33563578022459695,82,A,0
0.0051134566424609,3.374491512053722,9.567998154842861,1.3359936541809583,92,B,0
-0.23458713337514742,2.519732713846989,5.0040114571020125,1.1241859567029782,80,B,0
-1.4153707420504142,3.4970151647894783,4.327291360197046,1.8171942600818132,83,A,0
-0.42064532276535904,-2.3443830672905337,4.57699605159294,15.44705904412492,42,B,0
-0.3427145165267695,5.132562057171091,2.0888272400516374,2.934565446945547,17,C,0
-0.8022772692216189,1.7906155577672394,3.6870717086479523,1.0145495477286919,63,A,1
-0.16128571166600914,3.662274225106275,3.698132559871766,3.5153312784570154,45,C,1
0.4040508568145384,0.4401411093117037,0.523550201874724,0.3743667847223361,77,A,0
1.8861859012105302,2.9191608575938544,7.675676285179183,0.061874697797474426,7,C,0
0.17457781283183896,0.4198766552395158,4.16504431903879,0.45743906766189246,27,C,0
0.257550390722764,1.0643465589562924,8.221798868164234,0.8322784166646167,10,B,1
-0.0744459157661671,4.871047030800179,8.503480011198954,1.4290716202211209,34,C,1
-1.9187712152990415,1.71397639885498,2.1199405469865806,1.9096948618814267,36,B,0
-0.026513875449216878,2.3261493097695842,6.573534821701285,4.829397099583864,25,A,0
0.06023020994102644,3.305101596033131,4.722818041629817,1.4261039851194754,6,C,1
2.463242112485286,2.7435228319589067,8.80156737921485,1.3914034597919054,24,C,1
-0.19236096478112252,2.2256283577153644,2.157406791764541,0.10309825384713728,18,A,0
0.30154734233361247,2.5474415036993374,6.778132003100442,0.07107105312942996,87,A,1
-0.03471176970524331,5.605123377857413,6.077521222527226,1.6021774346729378,6,C,0
-1.168678037619532,1.913571804449622,2.953014775718328,1.1531425935417963,29,A,0
1.1428228145150205,2.301648570072451,1.3660090365117261,3.6549440158096265,25,B,1
0.7519330326867741,3.575981594011418,6.516397604772766,0.350325488009119,55,A,1
0.7910319470430469,3.6582888994369758,7.385974581323307,0.05057748782264078,81,A,0
-0.9093874547947389,3.78054545834057,3.1562734376334998,1.1921816630487554,46,C,1
1.4027943109360992,2.9580953330437767,6.448326040223138,0.5422492972077465,24,B,0
-1.4018510627922809,0.2854926309042747,3.9513090761150327,0.10177490790139755,75,A,1
0.5868570938002703,4.450147298451644,7.132068832826177,2.579048944220171,26,B,0
2.1904556258099785,0.280481910471968,1.992152748940531,0.23665061522230058,98,B,1
-0.9905363251306883,2.45395319785855,8.902150026361744,1.8746176451331993,28,B,1
-0.5662977296027719,0.868586224970963,2.8740959646557975,0.659926234422498,3,C,0
0.09965136508764122,1.903792480110511,3.677859877561529,0.38110116594534493,75,A,1
-0.5034756541161992,2.493143615455221,0.5809195208034978,0.9552702234893355,38,C,1
-1.5506634310661327,2.4820358231754094,1.115122123212764,3.233386097031657,61,A,1
0.06856297480602733,2.632881131352927,5.158619027123281,0.9954686364875107,78,A,0
-1.0623037137261049,4.420566903587971,2.675926767279715,2.7787554131839127,51,C,1
0.4735924306351816,2.6803014522709696,8.354802257421944,0.2681746297822664,90,B,1
-0.9194242342338034,1.6337650470640268,0.14693388654953843,2.9635976126377273,48,B,0
1.5499344050175399,3.4461307524325364,3.7909404867193617,0.5408197321442336,21,A,1
-0.7832532923362371,3.784205733386961,3.3734554676909267,2.2626416349021126,54,C,0
-0.3220615162056756,0.1585882772945113,0.19327630917601035,1.6684150833005236,56,B,0
0.8135172173696698,2.896100104774787,1.2436839900051022,5.294231505256959,94,B,0
-1.2308643164339552,3.0517591134663475,4.136426749186352,0.9798332239331273,59,A,0
0.22745993460412942,1.553654744960012,4.928645844474467,0.13691143620456034,72,A,1
1.307142754282428,4.06356021996743,4.042897472548691,0.03868265794578303,51,C,0
-1.6074832345612275,1.7749166194512092,5.309376784120938,3.5072929037568508,20,A,1
0.1846338585323042,2.188364680207314,5.951316749056815,1.4877681549471213,96,B,0
0.2598827942484235,1.7403922635741955,0.0992382112783563,2.98548028057035,86,B,0
0.78182287177731,2.023368571372201,4.640951594535039,0.534257754488062,59,B,0
-1.236950710878082,0.3555873696571973,9.634992408875883,0.8464958145330455,71,B,0
-1.3204566130842763,-0.16007632389144155,5.190322801295487,0.06113259594525442,9,C,1
0.5219415656168976,4.3917575948374585,6.775422674589532,6.513795391693862,1,C,1
0.29698467323318606,0.7295579775225083,3.118638579168832,2.2044450356247736,29,A,1
0.25049285034587665,0.5129114758155393,7.739913781527625,5.412256730803273,63,A,0
0.34644820949697586,-1.2300851704055722,7.729214818761151,0.6171207844024639,72,A,0
-0.6800247215784908,1.0415573784657466,5.212960476541389,1.890736897523789,56,C,0
0.23225369716100355,0.015365309888752177,9.760138232792135,2.2695152733625146,68,B,0
0.29307247329868125,4.463022740204553,1.2555021476265338,0.764131150929663,35,A,0
-0.7143514180263678,3.514725634013951,0.16947664889580993,3.7691873358163903,3,B,1
1.8657745111447566,0.9677744822334143,7.701582117570959,5.881028970363017,7,A,0
0.4738329209117875,5.378653708016463,8.071555373648826,4.323128194874784,27,A,1
-1.1913034972026486,3.4726482304873914,1.2020722912057624,2.6869830347693426,1,A,0
0.6565536086338297,1.5127529247370664,2.6558283295860607,0.6499779479932112,91,A,0
-0.9746816702273214,-1.749108572310359,0.1755236336662891,0.6615021851373677,80,A,1
0.787084603742452,5.436413858886112,2.933086107805647,6.613246970024861,71,B,0
1.158595579007404,-0.08435870014539404,7.731418739186715,0.020675493568156903,44,A,1
-0.8206823183517105,-0.4680981204353377,5.179605277125789,2.5179140368486164,87,B,1
0.9633761292443218,3.5338556480144603,3.480955931682881,2.4500262999348728,41,C,0
0.4127809269364983,5.659628609508909,3.717392949063303,1.9493738632326567,75,A,1
0.82206015999449,4.076409227765778,0.013536257154681541,9.232228930835943,42,B,0
1.8967929826539474,2.8458636800785393,2.9980052756523587,0.7475824353715758,33,C,0
-0.2453881160028705,2.892131512497929,6.464587416379305,0.8309456285080682,50,C,1
-0.7537361643574896,3.2801233381704615,9.741944438163571,0.16445890008982766,63,C,0
-0.8895144296255233,3.138392884680148,8.470608269838994,1.169655385519999,37,B,1
-0.8158102849654383,2.4217871359540637,0.23594964645529126,0.6050460498382328,59,A,1
-0.07710170941410412,2.1563016559278143,8.985606046748394,0.841320043145463,81,A,1
0.3411519748166435,1.9061103081507165,7.83198413298626,3.598435912507053,99,B,0
0.27669079933001905,0.8690531166999855,7.803761235709804,5.4816999673019655,48,A,0
0.8271832490360238,1.5789873846998388,4.579957590035715,0.4109340907290141,5,B,1
0.01300189187790702,-0.5394352212930782,3.980052929545028,0.9320516832576722,48,A,0
1.4535340771573169,1.8524905598078751,3.029157288331926,5.27977108420815,96,C,0
-0.2646568332379561,0.5171133392736236,0.6569485895436578,0.12760230226034266,3,A,0
2.720169166589619,0.3446160241763433,2.282353634936991,0.19381607324077602,47,B,0
0.6256673477650062,2.2698412267302177,2.4660363497802464,0.3553630509121296,62,B,0
-0.8571575564162826,4.088003429516899,4.840770697102016,1.8087877327407424,99,C,1
-1.0708924980611123,3.3774749090034697,7.4744440659669396,0.3261493937121577,14,B,1
0.4824724152431853,-0.3557509054347662,4.7380982839794665,6.888818299506755,63,A,0
-0.22346278532585084,0.5155577951444936,0.5784444944716061,1.1837623701721773,61,A,0
0.7140004940920919,3.411156781982324,9.57789800988204,1.3923754380319784,31,C,0
0.47323762457354485,0.5262689096925356,9.427243190941123,0.5664735769140938,95,B,1
-0.07282891265687277,1.6630502750044631,7.851895431484084,1.2733834255441538,17,C,0
-0.846793718068405,2.8250781485368277,9.913279015642205,2.168907782794871,24,A,1
-1.5148472246858646,0.5474833177045471,5.444823328002629,2.7820280581350167,23,C,0
-0.4465149520670211,2.15806325921894,9.627683502532062,2.8037752752665432,82,B,1
0.8563987943234723,-0.001038242377306653,0.7560504061675077,1.7249839428761053,50,C,0
0.21409374413020396,1.0979485340731794,3.656807482613713,4.694323567516814,78,B,1
-1.245738778711988,2.4796729012138057,2.253812680067658,3.401000574268329,79,B,0
0.173180925851182,-0.38949060029750393,1.9583308413427003,2.829783716243495,79,A,1
0.3853173797288368,2.6607121069405983,1.4080294889267608,0.11442264109641366,70,A,0
-0.883857436201133,1.9705433016099783,6.224136415659967,0.013803448842989535,27,A,1
0.1537251059455279,2.828734931625722,7.813218557473051,0.4776499218606454,15,B,1
0.058208718445999896,2.335871201096992,5.782983994203606,2.1784544959946626,50,C,0
-1.142970297830623,4.046210644960766,1.4696270958820967,1.0593288935422118,36,B,1
0.3577873603482833,2.187836753971861,8.111237699334708,1.029688238560299,8,A,0
0.5607845263682344,1.3558916883121206,6.359547071637285,4.318474622336869,79,A,0
1.083051243175277,2.183446254548426,3.881657061269955,4.518339612061791,3,C,0
1.053802052034903,2.8149470435545823,6.74130295536063,4.797647216315546,62,A,0
-1.377669367957091,2.0732901054885566,2.5990497924283282,0.7533998720417655,47,A,1
-0.9378250399151228,2.0608875368058235,3.451922084942105,2.349189284300964,77,A,1
0.5150352672086598,0.9470124682898666,9.174858431319903,0.6339009716207856,98,C,0
0.5137859509122088,1.0056486236735775,2.905045056714204,0.42294839042242716,88,B,0
0.5150476863060478,-0.10390790769954028,4.699882681579366,0.4082325896378623,96,A,1
3.8527314906547208,4.624365114780409,8.901411373960146,0.837427837154539,61,C,1
0.570890510693167,0.1342051469130724,7.077213502675274,1.1240891393079775,32,A,0
1.135565640180599,0.960642203306139,0.6220322616470275,3.5551116925828463,94,C,1
0.9540017634932023,0.9223891016462038,1.4730304427897034,0.2554192434996594,13,A,0
0.651391251305798,3.342386565416662,0.07841590771916818,2.6554913419744177,1,C,0
-0.31526924464034556,1.5575754825619583,6.309217902291634,1.5162458950921394,34,A,1
0.7589692204932672,3.8716131090106005,4.4767342541041835,0.6792012092240152,62,B,0
-0.7728252145375718,0.9897640636341972,1.3427485090227553,1.3577769792850536,79,A,0
-0.23681860674000887,2.418491243335703,9.579341210567705,0.7131843798030919,78,C,0
-0.48536354782910346,0.746979420110364,5.296597239456199,1.813086562201032,93,A,1
0.08187413938632256,5.217723691660082,2.418932941128892,1.1377709682391448,98,B,1
2.3146585666735087,0.2186023714557308,5.006035711547075,0.3592237324366271,82,A,0
-1.8672651925917483,2.4647310653405414,6.796203327351078,0.24791604113780458,71,C,0
0.6862601903745136,2.950665321398148,0.7623921797356448,1.5823831910788086,93,C,0
-1.6127158711896519,2.6206986461772472,2.74703815047892,4.6540226644950105,31,B,0
-0.4719318657894335,1.7220685116834376,8.069654908839937,0.8430599798391506,64,C,0
1.0889505969673663,1.8052689503998607,4.596648704026612,2.641014044329653,25,A,1
0.06428001909546277,2.0657172079686643,5.465771420322949,2.1497604009439484,38,A,0
-1.0777447779293061,1.779496997557267,4.328160022094693,5.363447047947478,14,A,0
-0.7153037092599682,3.4458186751923643,0.4389994264300512,3.440526860311973,8,C,0
0.6795977489346758,5.315784502387027,1.6574977982015593,1.6722126480448016,91,A,0
-0.7303666317171367,1.1637623224882494,4.455416387418909,2.140227503807789,54,A,1
0.21645858958197486,-0.05470446936861706,2.0918546540792784,4.573157099590866,2,A,0
0.04557183990381377,1.8675769274731178,0.49979028659678737,1.0200478390565761,81,B,0
-0.6516003476058169,5.869564006481477,8.436496640518238,0.7914099051033852,78,C,0
2.1439440893253257,0.7944881480454038,9.811925291641158,0.02173989608602943,89,C,0
0.6339190223180112,4.458675208166101,7.931428739967394,3.5037441973511543,56,C,0
-2.025142586657607,4.516551221114661,8.53784921704667,3.228706952125036,94,B,0
0.18645431476942764,1.169617637438008,2.419771303170454,0.2206445387597513,93,C,0
-0.661786464768388,2.853474618777913,9.606269755131997,1.7200919926377591,84,B,0
0.852433334796224,4.442594934692807,1.9692570445342839,1.247173946566477,85,B,0
-0.7925207384327007,1.4313083885187694,9.514298103618323,0.25273501897861395,61,C,0
-0.11473644146689901,1.6946294598464573,9.94819293965951,7.881691544475004,22,A,1
0.5049872789804571,1.1274786290770344,7.117228057460487,0.48336846343239814,35,A,0
0.8657551941701215,0.4778649039606997,9.81143731791822,0.13920221304282557,16,C,0
-1.2002964070557762,1.0260836824009893,5.695397795671036,1.8069828842524183,50,C,0
-0.3345012358409484,0.1640895998566152,2.595417831760903,2.685448372998121,43,B,0
-0.4749453111609562,2.051125202388839,4.369958856656209,0.06596280417710608,17,C,1
-0.6533292325737119,0.8450401534120378,5.93560935378786,2.1500902108200615,80,B,0
1.7654542402810969,2.3506788676861214,0.7308156202701499,1.5198216883766327,58,C,1
0.40498171096095553,-0.33384346930544095,6.223432646172461,0.21798979935337665,2,A,0
-1.2608839543350452,2.4963203483216856,9.811778367622946,0.3787500529261165,4,A,0
0.9178619470547761,3.250293442413387,1.9010764978372763,1.678540391108766,85,C,1
2.1221561970126332,-0.9906034638571831,7.925951162883833,0.7029700512538606,39,B,0
1.0324652605511468,2.5610848547713583,9.078987937796194,5.571452603967907,98,A,0
-1.5193699659540134,3.841503488709938,9.437015928202207,3.4156481608107057,94,B,0
-0.48423407286625136,0.18553847196319184,9.601356044054473,8.216952675742402,6,C,1
1.2669111491866227,4.508858580256555,5.214596387214719,0.6013207589087683,81,C,0
-0.7076694656187807,2.628528514049068,9.773079079915037,6.994775662246797,89,A,1
0.44381942814622843,0.9424822163623867,7.573102071344389,1.1285718966261697,69,C,0
0.7746340534293368,1.9163463835134409,1.616714362369619,0.853945890557428,69,A,1
-0.926930471578083,2.8374903687825834,4.7690010646797,0.10332257042700979,20,B,0
-0.05952535606180008,2.1140080871186173,7.18331175372004,0.10841667349013095,64,A,1
-3.2412673400690726,2.808133988669554,2.473403158190833,2.355384083915408,16,A,0
-1.0243876413342898,0.6189896103809507,6.406151835488874,1.224716559087638,51,B,1
-0.2525681513931603,2.254041236054117,6.666004790466192,0.5137151360723027,37,A,0
-1.2477831819648495,-0.12057174535747028,1.6269974380856589,1.903681971714877,73,A,0
1.6324113039316352,1.8331609079769495,5.650853124527563,0.5830003529532294,69,C,0
-1.4301413779606327,0.6441385378028154,7.716269109786077,1.7237554508414623,42,B,0
-0.44004448669698376,0.8967050861153502,4.988956645359419,0.8901030668379648,57,A,0
0.13074057728609134,3.854139762815656,0.12103116776107425,3.4694606957593233,66,B,1
1.4412732890661155,3.6369651808914036,0.09038469079292177,3.437346972513234,9,B,1
-1.4358621511794394,2.9137071813607656,3.570293439700122,1.2976880334835583,86,A,0
1.1631637521549596,0.3615308529911315,9.26194068431782,0.8640877579596332,64,C,1
0.010233061019587049,1.5253873254577972,2.286767796036088,0.9005896097459647,86,B,0
-0.9815086510479509,3.819646549968775,6.343636888716872,3.2768533687302384,22,A,0
0.46210347426327075,2.212575370459857,2.2207587069332058,0.7955281232593031,34,B,1
0.19905969557347003,5.478994309972541,3.216699896595486,0.46906475121607016,55,C,1
-0.6002168771587947,2.5899767590915577,8.48042089601484,0.17698132345736298,29,C,1
0.06980208499001886,2.288073674735047,7.288614422699469,1.2573165246216855,38,C,0
-0.3853135968617599,1.5363253036962479,0.9539927731321063,1.3160701729296929,97,A,1
0.11351734525124799,2.200311357173423,4.287020209864336,3.676554186225306,18,A,0
0.6621306745210463,1.7712952454291848,0.2916976364526447,0.5001013879775742,71,C,0
1.586016816145352,3.0621630150328856,4.80890146603009,0.9592718178613465,65,A,0
-1.237815498826849,3.435053475191876,6.62434011701068,3.3047507327325043,97,C,1
2.1330333746562666,0.8210158092380757,1.1850262359815156,3.470269984302313,1,A,1
-1.9520877995225019,0.003150569663332936,2.8888493890916567,0.9710016285434195,88,C,1
-0.15178509503558324,-0.7543080596549449,3.9783662550215695,1.229130549272837,4,B,0
0.5883172064845762,2.7619869903688157,9.195310246560497,0.7227602515012738,4,C,0
0.2809918677350327,0.3449500907391896,9.93255015422964,5.392882050795809,82,C,0
-0.6226995198205939,-1.2293358894287243,0.44911298995615856,0.2525867652161339,27,A,0
-0.20812225035727533,2.582867906796446,7.61007923495392,5.428622209483917,43,A,0
-0.4930009346588331,5.739499276149186,3.717240664023432,2.3031810678000015,59,A,1
-0.5893647569442118,1.99089363269016,3.9245818622948003,1.5167463940666266,32,A,0
0.849602097021025,3.257736161677463,7.542649733470227,0.06640854301125658,33,A,0
0.35701548596504734,2.1227440378213474,9.184264321454087,1.2909865302943977,28,A,0
-0.6929095952606542,1.851665520213286,9.509285945025484,1.0476464725813395,55,B,0
0.8995998754332507,3.3786147244816527,5.771225860383208,0.3516108149065415,60,C,0
0.30729952087660933,1.564588183717023,3.571211593005028,2.1366100778306083,70,C,1
0.8128621188389601,2.4010884711078546,7.875490858587792,7.091353475526076,62,C,1
0.6296288419236122,2.4825467092940205,2.5100138326230024,1.651935074070447,80,B,1
-0.8289950109220725,0.9978643195354269,5.640740288335177,2.5088015530496706,34,C,0
-0.5601810401969697,3.4880635243047844,3.5857846152487314,0.1418117986726342,87,B,0
0.7472936051232618,1.7375603649568871,6.566310737078761,1.0814256454860303,88,B,0
0.6103702654334648,0.866382260760733,2.403989128935069,0.24740764959332434,56,B,1
-0.020901593964148132,2.804764765355605,1.9159294573482577,1.8976063366165858,13,C,1
0.117327383308782,0.6522980273134441,9.182390866754371,5.576856071809165,56,B,0
1.277664895788425,2.042271736053692,1.018036829495369,2.1681040067660526,18,C,0
-0.5915713888358299,1.9863215050336946,5.059579077349317,0.15982537026824634,54,C,0
0.5470973811700377,3.6288433487473672,2.208527829630089,0.8759751687966058,77,A,1
-0.20219265243389398,2.712047349319929,0.3892996332566745,1.5999659208405992,43,A,1
-0.21768120322722037,1.9624595618822842,0.3601881829142639,1.032372452757735,39,B,0
1.0987768519871903,3.2266494488004307,1.7522177210582734,3.5872505432126136,61,B,0
0.8254163489880298,4.08531132352597,8.667703545060002,3.371245360764361,42,C,0
0.8135096360006385,2.8367154595277935,2.8247874397702666,1.8926290379403965,81,B,0
1.305478807154329,2.015528929765071,9.504591705752958,0.9350787604305564,79,B,0
0.02100384163275905,0.03224565147476066,5.816222929891936,0.5896453419404587,18,C,0
0.6819529712949639,0.4023295053869411,4.366141897687661,0.223817860070722,23,B,1
-0.31026675659345604,1.5421629434679986,5.800888346694546,0.8766926890268164,54,B,1
0.3241663524884421,1.0857316967610753,5.166983852262677,1.0660487975713995,30,C,0
-0.13014305436768459,1.719543045521831,7.587762537573251,2.2529307700499657,98,C,1
0.09699596499271819,2.084974887345661,2.8249606597285224,2.1468239473125026,58,A,0
0.5951570254369136,2.794539131535096,3.530503916003024,0.14537395755986227,68,C,0
-0.8182206832334725,1.8942518329113631,8.940943025332507,1.0059110667654143,67,A,0
2.0923872756854602,2.729752465739303,9.464565131504054,0.40124529087558436,71,B,0
-1.006017381499702,2.0967116222151803,8.925582274864745,0.3411323385678021,18,C,0
-1.2141886127877322,-0.963199849530807,4.194479939573136,3.5124234834392722,7,C,0
1.1581108735000678,0.5909969092718685,7.803655030068817,0.08563800926202912,40,C,0
0.7916626939629359,1.7838686664175767,4.763357333010988,1.086638664533173,70,B,1
0.6241198170521551,0.18545788573833866,4.975398521461022,0.3683352933792357,86,A,0
0.6283455092642799,2.8998930949943067,2.0468010905728393,4.229395038479039,65,B,0
-0.012246772846914623,4.296126248515546,5.911303032585165,1.628553930414228,68,B,0
-0.8972543714858315,3.828142777545975,1.8613589775334793,0.5263188156001624,49,C,1
0.07580455819372633,1.679835693604688,3.3156469906719375,1.3960271532276165,52,A,0
-0.6771617115121117,4.236089205274928,8.550302016199351,2.62970712894599,29,B,1
0.9751197334177512,2.2230011858031675,2.0707580921085524,6.345798703188005,21,C,0
-0.14705738150213865,1.4943710433229405,0.7115828517343281,0.49806664630656744,90,B,0
-0.8254971967925115,1.0798960046885904,0.690075926128163,4.346305191012331,78,B,0
-0.32138584165299344,1.5462954702678076,9.407845205031078,5.445437951924127,9,C,0
0.4129314542756245,1.4177347721881568,5.069204379618347,4.963915074167379,47,C,0
-0.5637245528039749,2.2556243335632313,4.094120718170183,2.0179875890680314,76,A,0
-0.8222203955664315,2.2408609715747967,8.108785810079183,1.9875353460750629,42,B,0
0.2436872114919123,2.0045690302301216,8.35825927910516,1.0323820944966653,51,C,0
0.24496657110872277,2.655407254619525,3.321910331156046,2.7918643706313087,56,C,0
-0.5069431753711298,3.785969412179512,6.936180574737953,1.5155592238445301,51,A,1
-0.4710383056183228,3.4243312031619855,7.711228158518866,2.262920267964171,70,A,0
0.2320499373576363,-0.22734695267485527,6.546506868659545,1.1188342788054821,20,C,1
-1.4480843414973241,-1.8308817023529322,1.5159507480009937,2.6297823916412724,88,A,1
-1.4074637743765552,3.4014798668589106,8.75883083517057,3.479907912785409,27,C,0
-0.718444221252436,-0.050318047623131634,5.390945527360087,0.31667010965937503,38,B,0
-0.21344715171184725,1.6628518971609747,2.8247242637000367,3.5786813805583186,72,A,0
0.3109075655980046,0.24483046091096072,4.252281854376939,1.5543472633835906,65,B,1
1.475356216949552,-0.7029706563700295,0.3757109039890738,3.7243541128698676,54,B,1
0.8576596232020194,2.812194092307182,1.2786680122241756,1.128810450195367,24,B,1
-0.1599385299634271,3.13873274045397,7.655467505158608,0.9529787860547769,47,C,1
-0.01901620790268883,1.1352343989099207,0.00011634755366141114,4.931637556142718,71,B,1
-1.0025293646378088,-1.8865634382173648,4.165658284822921,0.5784846247824049,83,B,0
-0.018513135992389903,1.180633327621276,5.225101810855884,3.7185225166839624,86,B,0
-0.2886586389201379,2.5877060081038197,0.546344200009723,1.3233767669992873,63,C,1
0.3227185603380895,-0.21836735316119282,9.730781629723328,1.4434861164356105,57,B,0
-0.827230943552323,2.2750398796687334,2.261253312496719,0.7376925195779662,55,B,0
0.5193465142411723,1.9770352262405066,3.0419871963628085,1.7021402022541303,60,A,1
1.5327389130025777,2.8689372494016325,3.0394251225502735,0.7867110408799737,99,C,0
-0.1087601484568576,2.1793705526212297,2.304166621173499,0.08012251424545348,62,B,1
0.40171172209894146,0.5403965886776667,0.01473822086311416,0.6349046301030229,30,A,1
0.6901439917111125,3.7948572524967368,7.293447940879964,0.012798952891657462,93,C,0
-0.40122047188583626,1.762205640459545,9.668454997992853,7.6659419203070485,22,C,1
0.22409248181041677,1.9590431907351022,2.242934832850451,6.747974504950287,75,C,0
0.01259240078179486,0.6000980613902059,6.630471918034225,1.0055670878773795,84,C,0
0.09767609854883172,1.3350766232127345,7.418963269587151,2.606635156163371,29,C,0
-0.7730097838554665,0.6727959289596486,8.484253790905248,0.8487029717142813,41,C,0
0.024510174258942696,1.7405809101148655,4.226291970136091,2.223961441097876,42,B,0
0.4979982912454495,4.567562720213515,3.0293090564042924,3.2739270094706847,98,B,0
1.4511436077950417,-0.057851714397034515,3.252951340230311,5.865749504970395,65,B,0
0.9592708260852069,-0.4203420968151117,7.126213330985128,1.0223589588966306,31,B,0
2.1531824575115563,4.206755491240413,8.16779466505636,3.058464124963034,30,A,1
-0.7673475628880495,1.686014484272201,1.8161396775660266,0.6182975528310521,18,B,1
0.8723206367206782,0.9963908920101252,3.7094100815776523,9.277930478459176,17,C,0
0.18334200573835174,3.559857031094115,9.0194019674915,0.05221490347374638,38,B,0
2.1898029332176723,1.091576690394704,8.066935196947393,1.8503037850078912,14,B,0
-0.8082982853551515,4.739014570320404,9.848584027624758,2.1547154416096235,87,C,0
-0.8397218421807761,3.0168888070089035,7.542482596820808,2.329796236194601,89,B,1
-0.5993926454440222,1.268132887781446,3.9319520102792227,0.25654779794001237,79,B,1
-2.123895724309807,5.235962319898255,5.906378339946378,5.578405011178066,56,B,0
-0.525755021680761,1.0914276154949925,6.610142542473203,0.3997900082327315,22,A,0
-0.759132661553698,3.1131430580139603,0.7845581631712395,1.9497124051080754,67,B,0
0.15039378647620763,2.4489388706097377,5.444969591038651,0.5037962578041653,56,C,1
0.34175597577715944,3.952611934098197,7.093208284726096,0.7340752372778347,19,C,0
1.8761708392158862,4.342266795090279,1.6732130400106038,1.5813371902895457,57,B,1
0.9504238381860503,2.04800622359865,7.806317174255572,1.0797998238785835,44,B,1
-0.5769036556624031,0.8698731944807248,5.8377278051411166,0.3492439916158676,98,B,0
-0.898414671348358,2.6899582144086747,9.522217856975946,0.3749168215421764,35,C,0
0.4919191715065057,0.9834269453718408,0.42422298206891695,1.0830672782256707,1,C,1
-1.3202332070206422,5.0200808712899345,2.6532613755546697,2.8317180677474587,52,A,0
1.8314587658543537,2.2048029966241063,6.015538792998241,4.564871852436246,85,A,0
1.179440120721287,1.452017673031837,2.9655991220593068,0.1757565865992188,93,A,0
-0.4691756521047048,2.2770204587973626,7.144241640712422,0.9987953694333348,70,C,1
-1.713134529090878,-0.02068943429454473,7.59005282521931,0.2112668029374933,37,A,1
1.3538723741654133,0.5425789422340227,1.0251596406647445,0.033463355475233054,65,B,1
-0.11453984525261789,3.800620861916638,5.138544642067677,2.167754859597279,51,B,1
1.2378163119734618,1.0146585815429063,5.088905555910559,1.8448663259091052,1,C,1
-1.594427658794367,0.4296335259770906,3.6928077021554104,0.35590808970487425,91,A,1
-0.5993750229537729,2.8049791287909294,9.32924862569672,0.5326575917358913,21,B,0
0.005243699718183166,3.7785562319944956,8.275063198732212,0.047986609297617305,53,C,0
0.046980593764742055,3.0784299659976,6.972093819096368,3.602979781542269,16,A,1
-0.45006547147924364,3.4940715287087247,7.143266357349976,7.353158509250842,61,B,1
0.6228499323474987,0.8648073671458089,4.617161438131191,0.2911143392539817,54,A,1
-1.0676204293825944,-0.13271600011276563,9.209945210965758,0.5265649275567494,40,C,0
-0.1423794850212935,4.25200047793323,6.945954272532854,4.056121266254435,26,A,1
0.12029563171189886,1.5159802417367965,7.289810616558165,5.2199548984198305,80,C,1
0.514438834058749,1.623750475317429,8.616909037873452,1.0881698765671586,92,A,0
0.7116148780888896,3.992291212773587,2.74071589342191,0.10389748622918002,65,B,0
-1.124642091837869,2.83434501410099,8.07070903866703,0.08037737706170833,74,C,0
-1.5341141707356223,2.6838316581224113,1.9524060295649204,1.7063965087062467,64,C,0
1.277676821898509,5.2475035173516265,3.453419522448878,0.9981074007377222,43,C,0
0.33231401197959165,1.0347226544297854,3.356104542698427,0.0581418433592142,17,A,0
-0.7484865365565536,3.391760192121856,9.785254683891406,1.7505489955395312,59,A,0
1.551151975522523,2.0855196873456268,8.565372237479268,0.022733791324836466,23,B,1
0.11567463429285867,2.402888418294886,7.011698615902597,3.0964218443843694,7,C,1
1.1792971840638264,4.292702639618797,7.270567616153901,0.7318143537444645,44,C,1
0.06751848141010895,2.7617536344344358,5.6207279440257105,0.08218156755093482,53,A,0
2.060747924881987,2.807444118574449,9.47090667108519,1.7751744011429362,71,A,0
1.7553408424432044,3.6087610059647033,4.962587528823615,1.0139474850331223,79,B,1
-0.2489641484790735,1.452570905685672,3.8051770986989455,7.284023290659967,34,B,0
0.9715709509543554,0.7411854989914904,1.63035336931591,1.5713964555638555,46,A,1
0.6453759495851475,0.43278620896844966,7.86205652261058,0.643827166873361,68,C,1
1.3686315575323487,-0.9495348840640027,7.344439320755915,2.471882552134239,78,B,0
-0.9649234605801045,5.084310694910483,3.8435503852413486,0.6335133508574036,78,A,1
0.6860514599984393,0.3451874514174753,0.2519341395922936,4.6918891794943205,16,A,0
1.0584244868495878,1.668119564621342,8.389973277180108,0.9391177619454292,71,C,0
-1.7587394864231143,1.584780050166619,0.11417983454073632,1.5964313122921618,96,A,1
-1.183258512665775,2.461110046713651,7.0369977962905095,0.1037934872196247,19,A,0
-2.0392321777601006,3.2236058188089447,9.70257109726057,1.1106742418329052,2,B,1
-0.26940683444455765,3.290710232539618,4.376613281482035,3.5719151416091206,10,A,0
0.7175422557959621,1.1253838421465923,2.349734049959528,3.2761769497430455,50,A,0
1.502357052096028,1.7493174293203828,7.0487101004338175,0.50802671413871,81,B,0
0.07409478041977519,2.4238699257324496,8.171281420155852,0.5125711390787284,12,C,1
1.6286155455712918,1.6269633107246795,5.464303160778473,3.399877784348707,70,C,0
-1.3801014582148914,4.411018364029989,9.670352752561461,5.329936026365575,22,B,0
-1.7033824393551547,2.736462427457377,0.516687216579611,0.20043844572750685,32,B,1
-0.05554769889661878,3.1023166790747263,5.047955983045282,1.195887247156446,84,C,0
0.3840654489393073,2.994321903001119,7.184539473225501,0.8233314212377133,1,C,1
-0.03269474809409311,3.7602107862279874,8.626404711491789,4.091061424502781,54,C,0
-2.0674421000398766,2.2715323380555605,1.7925561190779005,0.1744407933309361,58,C,1
-0.08912003951278841,0.05475207806623017,8.000034817636815,0.4742971877827222,70,C,1
-1.3044695005048532,2.5995319276289623,5.527070757185452,2.7924335524242885,83,B,0
0.6696725488300385,1.0229646593122563,3.965536819899632,0.10531233795075003,18,A,0
0.36659824609684827,1.2070749773753646,1.3171502857909356,1.3566565723792547,6,C,1
-0.9398797863273552,2.8795460281326397,8.652957589089125,1.1671763068455399,45,C,0
-0.5138669173366935,3.8574246071504534,1.5727320817971535,0.8141363215878751,97,A,1
-1.0592135218889516,2.0319073651040926,3.0978785920909924,1.0036403077421554,23,A,0
-0.06267909727317188,2.463249518898446,2.9004553196243688,1.5097923629609291,23,A,0
0.9551423205012383,4.553322416952857,8.714140341908543,0.35196504213663665,26,A,0
-0.9857260463355437,2.3611297692328526,6.72702994208898,1.697244906536377,77,A,1
0.5040465155178444,5.9025246712705925,7.966813971913723,3.2739505101947963,7,A,0
-0.5302576183724408,2.8482644684473164,2.50467898792499,2.855574242691,79,B,1
-0.7928728322623442,-0.6411441387337266,6.248740996069989,0.33423522081977797,44,A,1
-0.10703035995455783,3.130012431656799,5.717459831437487,0.3232726846354244,27,A,0
-1.035242322419374,2.571737577324167,8.32830376788271,0.6244260013969706,26,B,0
-0.553649305347182,3.934629131124119,9.060870604812605,0.8959355481473119,97,A,1
-1.1978778925888485,3.0097720269049377,0.12156771477386807,1.050037007107788,79,C,0
1.9647251329163893,1.7923160240243392,6.740199190587926,2.2769770663103026,36,C,1
0.03526355197172861,0.1635526455659514,0.5183579911972902,0.11670033904275845,55,A,0
-0.6997255079925854,1.6864651140709621,5.488586650773559,0.07057613708405933,64,B,0
0.21397991073422196,0.7242193186860504,2.876327290436782,0.9948666148259477,91,C,1
-0.11232804969082963,1.129214825292916,3.067765995221412,2.3891257150661622,57,B,0
-0.2209695995332226,2.8828676066309145,3.5295850345235658,0.4299424294130878,69,C,0
0.6141667000434252,4.50485675652711,6.212924490496102,2.0516782380760525,61,A,0
0.7575077100473051,2.5920072947344717,3.340499656687692,0.6017457474444656,2,B,0
-0.5305011476105275,0.20617540694722347,7.326990505902804,4.344624912940855,55,B,0
-0.57581824064468,2.6669040023302113,4.045273855738697,4.520775019978245,97,B,1
-0.275051697151644,3.7949472299684768,0.6835320030995862,0.705614023175558,80,C,0
-2.301921164735585,1.0853256435209266,7.837598424841072,0.5227133048625123,87,C,0
-1.515191062198552,1.7989742499906234,2.85758324592706,1.0596906203060057,38,C,1
1.3668742674445244,2.0220322920937956,4.3276687959926265,0.550273089236741,80,A,0
1.6449677135012837,0.82265253037664,6.8544388322190155,2.231825219635884,78,C,0
-0.24903603955637832,2.9724206507657884,3.32456157148712,3.4981435983227507,29,A,1
0.5765569630557664,1.8185777770883276,0.5658565614671562,2.2361537873771606,26,B,1
0.3112501545435361,2.6292986658605417,3.739210470128136,3.4785288930531997,35,B,0
3.0788808084552377,0.6687617332968498,9.444485826943033,1.011650168683739,79,A,1
1.1195749114345768,1.3438125495148843,6.417343972985582,0.33995682527511906,67,C,0
-0.12791759148076653,3.083572036741657,6.71479148667207,2.678447138143785,87,A,1
-0.9555404406004258,1.4407502718623495,6.322821536376399,0.8940575837911874,29,B,0
-1.6064463202575725,4.590445776850108,1.989921389594368,2.2250420884024713,34,B,0
0.2034636358672231,1.4005457215780965,4.183338641022801,0.6311864928669911,97,A,0
-0.7563507452843033,2.337027088627829,7.509397983633183,0.16943812500787653,41,C,0
-1.4222537095976742,3.3988862478096347,1.0137289755315915,9.807636461135083,41,C,0
-0.6465728842425267,-0.12754859939954755,2.7785277608971226,0.33968313272920325,23,A,1
-1.0815480036143952,-0.6412132179711638,2.763191084658536,8.917123290037557,71,A,0
1.6871416350725648,-0.28848447185514214,4.32018927594506,7.569013434215007,3,C,0
0.8816397569494505,3.8938761551407732,9.803687409421851,3.1579930181237525,58,B,0
-0.007972641316617375,1.1722127811613299,0.6750254668382194,2.1542278591820527,32,A,0
1.4799441388900263,5.837298928502379,5.1870099438059505,1.7245856850986516,31,C,1
0.0773683076476183,1.153628602013917,1.7936468201221045,4.021347135269835,82,C,0
-0.8612842013282637,2.2768269547955553,9.706765454097441,0.6834024283884241,43,B,0
1.5231240772696573,4.313164928851814,1.133035047274642,1.2610254889028178,7,B,0
0.5389100436846587,5.009139332238684,4.036010023615912,1.9319599393525102,1,B,1
-1.0372461543264564,5.092255364954597,7.378849848346062,1.0593050724098019,61,B,0
-0.1903386780836082,3.8125493458897135,7.045544280274453,1.115437765711922,14,B,0
-0.8756182533847574,3.5360937887171935,4.227286368939323,0.8018050675033186,52,A,0
-1.3827997309643363,2.8887904238017748,3.4652416795271823,1.6612897333471885,96,C,0
0.9261775475316414,3.1675416142499566,3.9761237855287055,3.8019150512053272,6,A,0
1.9094166404701305,1.1732214255072,2.642762631586393,0.4501117022047718,10,A,1
-1.3985675738191412,0.7727016748665392,2.053329387067998,5.449366698870502,71,A,1
0.5629692366905709,1.994938313883572,4.8303969755889,2.33648850275648,90,A,1
-0.6506425691218272,1.7447230662126074,2.685337560676073,3.466300626820313,98,A,0
-0.4871253837646962,1.3201579260090872,2.874616648972501,1.6247205934233813,30,B,0
-0.5923939242388692,3.044581171185073,6.56756063474557,3.023866660767406,21,B,0
-0.863990769679816,3.4329578128557663,9.685373316998922,0.03266611700668128,60,C,1
0.04852162794482699,2.132610329437771,6.036372005593751,3.4116820511199313,81,A,0
-0.8309501164110378,4.216295121582893,0.7697946706496628,0.08193329972584973,97,C,1
0.2704568257798388,0.28746632879974243,0.7558361385406698,4.412975470970122,74,B,0
-0.05023810944913695,1.709510811080423,9.51423220845566,9.647335901062862,63,B,0
-0.23894804686640975,0.9247665190957925,2.9729079030733363,0.6964712030915969,42,B,0
-0.9075636620415979,-0.7998049256095899,0.9206698608247543,0.472251301294582,51,A,0
-0.5767713305683327,1.8759789712359511,5.990445871503816,2.8994343813343173,64,A,1
0.755391225825756,1.8173787374250747,6.236487782902661,0.5834507134943143,76,B,1
0.5009171876243808,4.270174614863197,6.485048201186881,4.013310005885194,56,C,0
-0.977555244798551,2.946217526832166,2.674020278575413,0.21704789954796513,80,C,0
0.09933230542922587,0.4637197635061926,0.15110684214475034,0.26924728383328744,41,B,1
0.751387123371789,4.781138849501282,9.650153694544718,7.740951837360713,32,C,1
-1.6694052811213718,3.8315505432880292,2.508930456911025,2.2407276851896745,15,B,0
0.543360192379935,2.873146555202924,6.760262880525475,3.7531610677507516,62,C,0
-0.6626237589458467,1.6602738517252522,7.0662986987870955,0.7840991325684686,27,B,0
0.5705986685931593,0.5608411449147808,6.100074170794857,2.2570118659633436,28,C,0
-0.7632591565425169,1.4416898358934207,3.129073942136482,1.8039958612113685,81,A,0
-1.804882100664519,3.633122929556279,2.7109625376406576,1.8483944122727158,64,B,0
-1.6275424378831627,4.826879458901913,5.976682827027031,2.2947594012803956,59,B,0
0.048084946661381994,4.3148652924082835,8.660956336116914,1.7130231612243638,58,C,0
0.25972250172148187,1.2667258673205888,9.467337289233956,1.1209506069855544,2,B,0
-0.9043166251044086,0.3205738500664832,1.0590580440375763,0.6457142331581303,36,B,1
0.6385924587773739,2.2113293703668058,1.5482861259771985,2.9270535772460016,71,B,1
-1.6615200622689599,-0.6526590483442775,9.447362587830796,0.5130708881981344,13,A,0
-0.06607979864731657,2.4847515712771724,7.365352283347926,2.3576130056400384,15,A,1
-1.2110161997624564,1.778596120551997,8.829938248297731,0.5314049992473072,89,C,1
-0.6518361078021592,1.3009452471976366,2.026326341353432,1.9634201881003825,87,A,0
0.047398671316414016,-0.3920546009001932,5.875858711094018,2.7493503887127013,60,C,0
-0.8604133652839524,2.770400159854575,7.011395944174737,0.49362771360021784,22,A,1
-0.38455554422982535,1.2009487405071329,6.801118854469727,0.1236301746090163,63,C,1
1.0062928092144405,0.24512474643456794,4.081516908666981,0.28076387795327457,90,A,1
-0.5768918695231487,-2.308393319922474,0.15394891691308477,1.862793344864332,97,A,1
0.8356921120651418,1.9587276424240456,5.829260568042631,3.7868723067421763,75,C,1
-1.129706854657618,4.658377395004616,2.5310153917960876,0.09208121991530512,74,B,0
0.5298041779152828,4.491888821821805,4.502542461428903,2.6496555499058028,25,B,0
1.4415686206579004,1.3143556151205922,9.575810150838173,0.8350307818644346,48,A,0
-2.4716445001272893,1.0966819094573292,3.990353176424347,1.3022008132675518,43,C,0
-0.7968952554704768,2.7031613841125357,8.398016066644267,5.2861983695115065,38,B,1
0.57707212718054,0.5024218412175627,1.8854060574925113,0.8068488975484608,41,C,0
-0.2030453860429927,2.452687849729199,6.724604980250288,1.2522370270944936,45,B,1
0.37114587337130883,3.1491204175770355,9.770069544389434,0.027553763355231686,88,C,0
-0.6039851867158206,3.8403998358264615,1.018931008729368,0.17024171938970314,40,A,0
0.08658978747289992,1.8497688852800709,0.08319942227192012,0.5984072929120996,97,C,0
-0.15567723539207948,1.6944893747345513,4.335827926326143,0.05649494091744466,17,B,0
1.1677820616598074,0.6830261198651584,0.926254830513672,1.9959525926911292,88,A,1
0.2544208433012131,0.75967946894021,7.483843496762313,1.1116402499791438,57,C,1
0.3376026620752022,1.66028166214771,9.14548663848559,1.5887887914672514,2,B,1
-0.4118769661224674,2.5510482602242672,4.340209727087588,0.3838886612122792,96,A,0
-0.48760622407249354,3.370376939349874,2.5871164215544096,0.7017607567778857,62,C,0
-0.4325581878196209,0.7952315739794827,4.344033190066098,2.180243718297424,88,B,0
0.39445214237829684,4.239032853439283,7.2344781785000105,6.722188171799013,9,C,0
-0.42098448082026296,1.5933145984361468,0.09054161580370979,0.10346419940695954,68,C,1
0.28977485689641286,1.9679490584773458,5.894539894846972,4.421549713620236,81,A,1
2.0754007986454384,0.8791824812782649,6.132916848873791,1.7202045828044397,17,A,1
0.8711247034316923,-1.6363603904094124,6.376882468959355,1.6598571454582722,50,B,0
-0.32602353216784113,3.326068094541575,2.420220799808772,1.3874088123936774,94,A,1
1.2012139221639448,3.10526584563865,7.140527233781268,0.14383876889812253,40,B,0
-0.4080753730215514,1.5780086643226798,0.9139148633177641,0.18835072172951228,58,C,1
-2.038124535177854,2.100486075837308,1.9927033646680081,1.837146698423506,75,C,0
-1.008086310917404,2.7739088265561493,8.77470046654482,0.8339377613043999,85,B,0
-1.8707919210258557,-0.343818785329814,7.387231507265664,4.984299231569099,21,C,0
-0.35151348404130867,1.2064209839805577,0.1374555401134525,1.0437412495474923,18,A,1
0.0184183791895517,3.1913970194327406,2.4837626036980023,0.30929167510138744,55,C,0
1.6764373122752827,0.11856586524612589,2.1440648299316454,2.5085600718351526,29,A,0
0.32692737376416264,2.440336898249944,2.7080632803697258,0.6944492539113958,24,B,1
-0.21910052880886424,-0.03487270693510758,2.475597702798864,1.490862172380171,74,B,0
0.8294055811834892,2.6996449736502894,0.6252629574284574,2.393549448913991,17,C,0
-2.211135309007885,1.9465377765537746,4.589405165968204,4.610459397808588,18,C,0
0.23561455810856594,-0.4226977238582642,7.327334747861651,3.142273655573616,42,A,0
0.7708651938869668,3.747109031685757,6.067317247174364,2.2562535832351993,84,A,1
-1.4785862457798415,0.8981126348029265,6.728716685980798,2.2765772693582527,45,C,1
1.143754043206929,0.7846213444784289,0.8114917853623915,5.834753448618278,82,C,0
0.3384964074944141,2.300853795846414,9.514907101767871,0.7014541850473619,17,B,1
-0.4152879139008013,3.722956024143073,8.384918338430248,0.00222542606356573,73,B,0
0.6327818661062848,0.47626727153240456,8.050903184956628,0.6347836286486623,14,B,0
2.270692857804396,2.0925197747719575,8.229838050417674,0.4915232946991513,49,C,0
0.18186625505849516,2.6432247504958593,9.327105081327613,2.1684402201180797,29,C,0
0.24822058630033608,3.0396584108947162,5.442539661136977,2.008668554180705,95,C,0
-0.4593608995402441,2.264662332915838,2.002820178676259,1.8001527100201276,4,B,1
-0.8498443694647918,1.4494582413750166,6.167836078525411,0.032753628348681035,82,C,1
0.8303358165442456,0.7586146690269204,7.42881493667939,2.609635612045055,20,A,0
-0.8560838259088672,2.1292158245695623,7.379173933540254,0.7817355760289694,47,C,0
0.07156623721939247,0.39179148202158964,5.214490241668801,2.1875837849763022,9,C,1
-0.4776574467651167,-2.382025725241911,0.6845871933357806,1.6264686655703757,77,C,1
0.47897982574639203,2.6548397062365017,3.7111293843012785,0.8393235880046686,79,C,1
0.33366210528694845,3.355902261629293,9.207666084633573,0.2890720547504648,27,C,0
1.0375399442578994,-1.5443986533127576,5.84448909757426,0.19835687861780132,15,A,1
-0.5100163988547471,0.4854039429350937,5.383319432557134,3.5618566739240607,92,A,0
-0.26987493529337125,2.928731391507797,2.688535143821935,5.011791791832372,19,C,0
-0.9787637157823074,5.086243204567548,3.684489199165789,2.0984334542304595,90,B,0
-0.44429326007611136,2.0311905615131116,8.953460891531693,0.2183669942528482,52,C,0
0.37730049304485197,0.9079955881562987,6.664630475268357,1.0284200785166,26,C,0
0.7569886166453519,1.7256553383427398,7.873870267523328,2.6108242588209807,89,C,0
-0.9221653241776254,4.0623146287222776,4.543454230676551,3.0266278005811382,26,B,0
0.8696059201056602,1.031053731313197,6.302472194561579,0.25162224955758117,26,B,1
1.355637858804951,0.8012119900246196,2.483836087432075,6.143863443161899e-05,46,B,0
0.41343490322370086,1.2758847167269514,7.054608302834863,2.4905415317052366,92,A,0
1.876795812558066,0.5700070876119314,4.276013337033373,0.8819654414957635,49,B,0
-0.773789199103573,2.1840054739921935,4.4254551481474556,0.587350207333354,82,A,1
-1.244654703311417,4.437017687704341,6.493223245768816,0.025962728569670773,96,A,0
-1.7787202489042786,2.4846189096740434,9.362806214689266,1.5543597713604989,53,B,0
1.496044311489183,1.6214697468105685,0.6400634660862092,3.809642264502558,3,B,0
0.6543656563540577,1.5622830966266839,8.247432373470076,6.322707139547448,66,B,1
-0.05558467091045507,-0.3447862130449856,2.9238311041219314,1.668246492189989,97,A,1
0.2799686263198203,3.3246646657207384,4.439194545063778,1.4449926798445516,42,C,0
-1.1254890472983765,1.8832442044807969,0.21913328775008956,0.17778567818186025,19,B,0
2.4457519796168263,1.7292801296140614,3.0104607783431305,1.5920118855067273,17,B,1
0.1292211819752275,6.7896613517672915,5.026312426301304,0.9560041158162004,33,B,0
0.10939479460489293,2.448129362548529,0.5617607734743901,1.8685799050783294,76,A,1
0.7257666238986923,0.8723134248572235,4.910957293831651,0.9844210885223578,49,A,0
0.4810092317367132,1.360463605691685,9.271106288584273,0.5496610133267895,56,C,0
0.22388402427913137,3.722668563795132,1.0539321810780522,0.1995639322098422,63,B,0
-0.7904744554453119,2.1699056158066465,7.644407280755043,0.756434777625117,3,A,0
0.4714683571359957,-0.15741696747605005,4.096710533759927,0.2032789707668261,49,C,1
1.8820244964750337,3.378843401862805,6.55173714524338,0.3893477490157806,55,B,1
1.3454200461549777,0.9977838716915091,2.6023659798522933,8.73800895711178,26,A,0
1.5931866266393973,4.8099466643263185,1.5949226254135829,1.1743465110160978,99,B,1
-0.5112156764311853,3.6200720985719728,1.6046261427122643,1.5180260348042014,72,B,0
-0.9896048202585809,1.3290171565118734,0.7049194564314465,4.136900792250696,52,A,0
-0.12578692009964815,3.9215245426026692,1.8564670490124302,10.838215058975361,7,A,0
0.055724912288694604,2.101783265791105,6.642193849889683,1.747969035560285,46,A,1
1.0941915184709485,3.2791605126833296,8.81690611843508,3.347673644440077,46,B,1
-1.6924646297148194,2.727099225941712,8.141256855911617,0.7918446443525972,16,B,1
1.5295503194606137,0.7304650175136898,6.851343098744841,0.7298288982403296,24,C,1
-0.15800789857898942,1.0346752515238071,1.1043186341110267,1.0306840179089842,61,B,1
-0.42688106994742003,3.544941226371742,2.8918744629594983,2.2325788005109386,54,A,1
-1.0121043752601677,1.4978370018401888,3.0980687532246898,2.292613748712872,62,B,1
-1.6548566718657698,1.3945273051370048,2.4995694639762123,0.7573720829147271,1,C,1
0.8231705839619146,0.5673161309759706,5.150056597097231,0.2859169171018889,49,C,0
0.07331796718840389,2.6353985983901915,5.355538148796725,2.0014994096702523,25,A,0
-1.2899608997410539,5.093787378864717,3.568859751711102,0.2746792401703987,10,A,0
-1.295078772063616,0.3987006286185907,3.53789158736436,1.727835455255585,80,C,0
-0.3357846992901282,2.036329185009137,8.285555979060813,2.364566975087965,16,C,0
1.669021525289393,4.118330833123144,7.892928483196856,2.4120264116897925,58,C,0
-0.2595913513636048,1.8805379131314273,3.0779583168074565,2.800560301118025,72,A,1
-1.5031429531181062,2.6785576943746014,9.137884438732593,4.124923775796897,29,C,0
-0.24574306408594407,0.40640970777968044,9.52815017002506,1.3861303357053123,92,C,0
-0.2727235697476702,2.642460645811473,3.267425420300408,2.6205133406482215,6,A,0
-2.6968866429415717,1.7192836024931768,3.5442494879305486,1.9308187606479257,16,B,1
-0.05429486651781221,3.4785949935197946,5.056341534219588,0.4131627779968365,20,B,0
-0.23093453020867796,3.7810790773471266,9.411208125336735,0.052050772660004616,80,C,0
0.6962063648134184,5.88434546302792,8.763194331423115,0.6696630465509614,71,B,1
1.8489560949453452,2.8694497598203634,1.025679625835898,1.1705011099140665,78,B,1
1.1265650295477574,2.48869447487325,3.927307432714162,1.9199938907486236,43,B,0
-0.2688886905548305,2.291576452366004,5.533711897497718,3.7936977833126817,26,B,0
-1.1065259087416701,1.4702505607839675,5.0313247255154,0.4369233486150885,90,C,0
2.5733598032498604,2.5077257651925366,1.9386306793689267,0.26831984283982896,78,B,1
0.05921843401448826,1.5568978847914559,8.588167711681546,6.619787569969955,71,B,0
0.013929291912946203,2.2526914644044216,6.769407829968373,0.22867820421549734,33,A,0
-0.024125087110003277,3.9763963034119394,8.379083748518037,1.3020577624235352,26,C,0
0.19808476076785533,0.4901861520805383,8.587642793494721,1.7616721296478828,45,A,0
-0.14436041192394275,3.7098178416935683,7.483558536657398,1.5590422672726518,84,A,1
-0.5736620068802363,3.975672601009798,4.392106012497173,0.1799197817926106,63,C,0
-0.5468589412403921,1.822897209513382,6.105467550154246,0.11743507517392474,67,B,0
-0.03275327021599839,-1.1827823485128919,1.6036540611974315,0.22294369810262302,52,A,0
-0.543424771133765,1.0882670193583512,6.736454174749077,1.7617877361877665,68,C,0
-0.7128457826771644,3.945491819841664,1.7925325573928075,1.57203817632581,26,B,0
0.10643022769189683,1.9656979065516769,6.939495905101568,0.5324695497722591,75,C,1
-0.2549772174208552,0.5010466515576338,2.2959816075396864,2.030974688316776,2,A,1
1.5039929885826884,1.242837618157674,1.1755130015021997,3.4303470196931367,14,B,1
-2.650969808393012,3.2609300397568295,1.6528449014295743,0.08493619689286841,30,B,1
1.0915068519224618,2.820100352302069,0.01992135219070268,1.378828088975233,49,C,1
1.246085192497629,1.6416018512454582,7.187396178535303,2.3379219498019843,12,B,0
-2.0733902324081495,1.4497633822779683,7.324010490583791,0.5815388055631174,90,A,1
-0.34268759408034877,1.4123627764342672,5.149333499132594,0.7356766328764053,44,A,1
-0.37144086599579146,0.6163847232522461,1.613628010553837,1.901960548155598,33,A,1
-1.4075116947178212,4.423063534204163,0.8355433751068975,4.564296577655907,13,C,0
-0.7778166875908753,1.51651929618299,0.1912896643728701,3.3206669960775943,78,B,0
-1.1105758454658288,3.825737781238245,1.657481769652207,1.7499627639396607,88,B,1
1.7522704434236227,4.281974077883677,8.908555349831467,2.6203096684257834,98,B,1
0.9356783931474612,3.4974663472219407,2.4153684170168175,0.9077014893743982,26,A,1
1.2715550949941588,1.3525695309229273,3.542713272172157,2.0486737461892894,21,B,0
0.7216720640432349,2.605595135504914,1.0534548448133318,1.2553991122923591,28,A,0
-1.129051771217229,1.9637065904136257,2.223613047481703,0.42128438108822697,48,B,0
-0.5245202662797737,0.6444472089048078,5.192245707802051,2.4195678047107596,40,A,1
0.48937456122791806,2.4865389225824046,6.077526830956526,1.625955490016639,66,B,0
-1.2221278088919454,0.23144031326029624,2.4535231416621106,0.8882712809725026,73,C,0
0.7129984301723881,3.7815190826923457,0.5773215922511721,4.845874629137138,87,C,1
-0.24032539815813486,1.3030740540524104,3.9103286912739863,0.04231268667938538,79,A,0
-0.37482080754959723,2.301739483809259,2.342033709263341,0.7589315322466583,77,A,1
0.7109599682034917,2.424931807319213,2.195539232298019,0.11712646615524237,23,B,0
0.4442633114860399,1.611642539443884,9.598628027134552,2.9093803893528714,81,B,1
-0.3609661658190799,2.880040702212912,6.16300485925724,2.422044883554692,48,C,0
1.159329803364248,1.2876445150662135,5.5687844317209585,0.8049956858031401,2,B,1
-1.0810633275998973,3.3069459461858663,4.157751035233219,2.2519437575405252,84,A,1
0.6159356069442637,-0.018969520370122783,4.289443334301443,1.008154312617058,20,A,0
0.5931012579683838,2.1895693693196177,5.4090500383808084,2.823255447557461,59,A,0
-0.3095464393139903,4.908393498587428,6.964298070361073,1.2109454769277448,46,A,0
0.326133022242118,0.4995030130916379,7.021460961818295,1.0630083437653235,3,A,1
-1.2511135763853032,0.9833825442127228,1.7169390770544957,5.458442943068541,55,C,1
0.924027019206901,2.7708617744883726,5.0011275207662695,0.5777097862495095,12,C,0
-0.18490213644298903,2.269372672909397,4.119580950341019,0.2566836833282288,40,A,1
-0.5227230205190395,2.525945148910339,8.705269662693842,1.7567528648552402,66,B,0
1.0490092258368893,2.7337806952214954,6.314189212183764,6.968406749536393,78,A,1
-0.7043436905427592,2.952082202842655,5.325040664159818,0.9491134416342683,16,C,1
-1.4084612963635597,3.664549762934335,1.1539464217891737,0.12808904875619673,83,A,0
-1.5566291735239037,2.614727985392769,6.056378893234115,0.8289267445893215,34,C,0
0.6060099513456396,1.6381135180721864,1.1720390568023342,1.410162839568141,44,C,0
-1.280429352496283,3.0088605518040965,3.3720657556575206,0.35329061038668846,6,A,0
1.7547941819843647,4.849822902342822,1.4284196481433187,2.1464869396002726,77,A,0
-2.081929407883722,1.8010493804261396,6.920736470243689,12.19310709721432,64,B,0
1.6964563682900382,0.5382060429940378,2.062521138361526,1.202009392424185,22,C,0
0.2110174672026184,3.6606210039304594,3.91859373188026,0.8761684168737984,18,B,0
-0.09671311187039239,1.8194282540696027,8.956747776187786,1.0239998487558426,12,A,0
-0.5449190868089495,-1.2590043190210543,2.043163833989703,0.24466564188946968,52,C,0
0.39913611435207075,3.2711325157256326,5.078050639587791,4.29584511282517,94,B,0
-0.03763470242484838,1.197007721069116,4.19271661166022,1.0716909028020185,51,B,1
1.103301882016522,1.8642000765437587,0.18124041045729733,0.9796761929882843,71,B,1
0.11422764866203965,2.4979704958535223,7.927581135728127,2.1557982281535515,96,A,0
0.1503017614618776,2.2857495196685997,0.6904590631459973,1.1669124250727005,48,A,0
-0.36361221221385587,3.0641777257085594,4.7425502097695365,2.089575174198686,19,A,1
-0.056945623721067457,1.346770444145235,5.606782949389499,0.1268303902214782,6,C,1
0.3078017688920592,2.769658697264124,6.284264566145871,3.3610446220176224,84,A,0
-1.7101683926566253,1.6106799836241241,6.886316293078756,5.643690807170789,27,C,0
-1.348185422105713,3.1082157213312547,2.532723835227151,2.092601726612184,53,B,0
0.743264094022715,2.92305122601958,0.09978776658449373,6.182985979456845,48,B,0
0.17086543812794186,0.5968419469331072,7.2344366235491195,0.3284108531283636,7,A,0
-0.18398333635267913,3.628973174262548,5.356565993475786,1.297939810195856,59,B,0
0.01843393306539316,1.196054832328928,8.361177032072488,1.841635596915969,69,A,1
0.34758170536167105,3.2120866974217175,8.213883629006943,1.7432880295003266,11,C,0
-0.5397596803093615,2.550930970102011,8.433261677878832,1.0265297897039154,15,B,0
-0.7783047254023127,4.757275515192683,4.850946599795401,0.8252344755406937,64,A,0
0.19584525509768155,1.6648010264422217,3.3362839583686563,0.2712363312440897,3,B,0
-0.978372777615032,1.4760248058227037,7.9155820259137,0.9943137713213623,69,B,0
0.40825275571447184,1.970870591168401,4.51294113029255,0.35505210351427835,23,A,0
-1.7025836042378404,1.5452303257485873,1.834421964034345,2.6512692793097323,53,B,1
1.0291556373256436,3.199912852913075,8.549740195614744,0.46848719780072323,37,B,0
0.472597482413043,-0.42446591265488187,8.825598767723474,0.12070059262386842,9,B,1
0.25602973431387566,0.41947637128046855,4.663097561401701,1.6075593052587687,15,B,1
0.9826909839455139,0.39829561763121035,0.7569972730978747,1.8088712282005444,3,C,0
1.6654744444625766,3.4254613879603637,3.8782608991693124,4.110092073748675,93,B,0
1.0143700650181304,4.565920058872888,8.035376594626033,1.7206792628377676,70,B,0
-1.8408742313316453,1.8433261721937928,9.017740285462287,0.8477088815454528,17,A,1
-1.2795769667357015,1.7467674152149841,2.0347274249759586,3.2492237287587145,26,C,1
-0.6248185776956788,2.1050782446697722,0.6697361202527152,1.5542705258093839,21,A,1
0.026091050210833786,3.742817453912285,8.773504531328387,0.16519923092348773,72,A,0
0.517659020469123,0.6089702987141389,3.894049389788753,1.668732946149207,21,A,1
-0.7257438131534656,2.3575534741021777,5.417609642675632,4.772336605846908,11,C,0
0.18676676447707832,3.462796444673644,9.680658120507589,1.0093976138574237,38,A,0
-0.7553829323533225,2.7516412549097673,0.6656472791422285,0.7028796334648795,72,A,0
-0.6115178029919482,2.284372424898115,6.483180074520956,0.30973060325925683,88,A,0
-1.4066610968482223,3.5015691388507117,0.7410542257486707,0.32844198244993356,35,B,1
-0.9232332461109043,-2.0548484394988558,3.7546892846650035,1.1339860611906358,14,A,0
-1.3516846056163336,3.0168129792963616,8.038145451934467,1.8110964008861667,14,C,0
-0.9758732529773327,1.0188864753088642,4.334722327556344,0.16810150285514008,10,C,0
1.0536417966078395,-0.7459493452846854,9.971823539029504,5.612492519935785,12,B,1
-0.949398888831943,2.766803899287471,5.590592849466022,2.8140851890740977,38,C,1
2.632382064837391,4.060487817744437,3.2116215263595347,1.7667949817834774,34,C,0
0.4933179008808892,1.7938272280584622,2.2011132590475313,3.5256289448937608,41,B,0
0.1848361236948739,3.4293118208044078,3.5052053428616183,0.16716925216108433,10,A,0
-0.8583577801812133,4.418417386982968,3.725332737595508,1.2957315783879726,17,B,1
0.7003098794089911,3.972371680376071,0.6871367772396098,1.9890079984897704,17,A,0
-0.5756378262377739,4.459946794057089,3.6957419942677316,3.528127981870848,67,A,0
0.12200981464536144,3.1131912366078383,4.642385197392249,3.0600482823770996,62,C,0
2.5600845382687947,2.113150458352389,7.227377522388046,0.648883684960762,95,B,0
-0.09605989972464987,-0.4029487178457527,6.56729484721608,5.656377740795594,1,C,1
1.1492733262856758,1.6309062678050772,7.087656552291542,0.26556812430445276,12,C,0
-0.7031764251258874,0.7351301070257129,0.08363681876857099,4.1610221247649495,4,A,0
-0.0349884904969617,5.25641407624672,2.1766739958053605,7.076802420323532,42,C,0
1.77080063563551,1.7361712813514951,6.616842883998565,0.3899712733624854,13,B,0
-0.6269670577877674,2.1848072101767286,4.839893681797472,2.5607436691068237,98,C,1
1.8124485579969287,2.8272280640607015,0.05313475668345946,0.08223890830146617,85,C,0
0.7077519354554754,2.0654036695586804,8.044946424318223,1.0398095130800227,86,A,1
-0.5624667758942676,4.54257656064613,7.728095732903374,1.452511745116336,4,B,1
0.6324077390555208,1.0660259573983222,5.484191629935626,1.7380760022316515,82,C,0
0.9725544496267297,2.291911182855864,0.6646332577627212,5.495784359757096,69,A,0
0.6218099622171964,0.8862941214529276,7.665150495325847,2.231012506695971,19,C,0
-1.5702247198904564,0.019966233168941305,5.8371358773136395,1.3127741815146354,2,B,1
-0.7271371758248686,1.0823463636420718,7.8195997715795915,3.3180446646740895,12,C,0
-0.24751863555150475,1.9444448044273819,7.517469923958404,6.012891757812204,81,C,0
-0.07443342910004629,1.35604666322411,8.03002071957837,0.04462649584848536,74,A,0
0.620672097550678,0.9613685301892161,5.1800806640462485,8.093541389859675,98,C,1
0.17770100093325383,-0.10947619550775078,1.40324518193515,0.18013858051860843,6,A,0
-1.3353443587101013,1.8753416410569579,6.711574733796887,3.3681804575576075,8,B,0
0.3801978510059632,-0.25708056104650334,6.204737850519706,0.6579382183731813,51,C,0
0.6105857452838231,3.140083945534404,7.422531871990872,0.2835411294480137,11,B,0
0.5597904479310398,2.123659629401755,1.698810060507353,1.1591214844976143,63,B,1
1.0807807255546218,-0.18632724919739585,1.9497519990028922,2.0654051754475944,57,C,0
0.8339221545489041,1.5361863844252048,8.904095172193285,0.9591444290619028,12,A,1
0.4591800792284367,0.8717653916141253,7.499777984520708,0.11222114357629706,73,B,1
-0.070165711458647,2.4787617656287706,9.08228488700323,1.8298889752290728,2,B,0
-1.660960933515991,4.0106756690347165,7.587153211639207,4.653822705668396,8,C,1
0.42961821913258585,-0.8127587044686169,5.971553059903019,0.9664707388183561,11,C,0
0.20768768716311115,2.172539118721126,6.5413273702787365,0.4875416200094418,53,C,0
0.2715788371953735,1.7598008066500395,8.891279239400099,1.1688630447439305,10,C,1
-1.2767485758203097,3.007010114675698,5.7880675451194055,0.09914263158030373,85,C,0
-1.0810565404082624,2.3197949423565336,6.323913243283874,3.4350218124098757,84,C,1
1.0531528533329035,0.8720460023917713,1.5647671600360058,3.5013211682372263,8,A,0
-0.03955515385665504,1.5214190965000727,4.739212201161028,1.7734661089248769,36,B,1
0.6815006973726244,0.8059612147947665,7.16397111958099,0.8711360435225806,93,A,0
0.02831837613045931,3.6140107078978976,2.709426983163654,3.2167106417535627,76,A,0
0.029756139495743236,2.031967473007913,2.022541805245349,1.6179558578874482,14,C,0
0.9382838059759977,4.851786028629511,3.1382680822441555,3.4966220481978527,54,B,1
-0.5160447282173739,1.9090087792780688,2.4150062799283347,1.9964054977277614,85,A,1
0.09612077694098344,0.9373898496343058,2.1491263703639585,3.06871165245739,86,C,0
-0.46227528870504275,-0.2705715889192407,4.24850842868087,1.82540930518779,21,C,1
-0.4344962274323156,-0.7047095143839176,9.07838513883534,1.0693524982577571,50,B,0
-0.30917212346863937,-0.37620391450823465,5.070596467387183,6.337594882863896,94,A,0
0.22213377163371276,2.400689976517225,1.8792038081532303,1.5579061683206585,39,A,1
-0.4787486216634771,2.763087534844901,0.7697166938087407,1.858192337963699,20,A,1
1.2557561255735208,-0.3717860530482001,6.961561451379252,0.4981734670821448,88,C,1
-0.8946073022195039,3.3425574711141732,3.827987644363878,1.9651323982046287,87,B,1
-0.18687164416135904,1.2754084224748408,8.218309465853594,1.695431593007745,7,B,0
-0.4397310582741749,2.220189517978324,6.595107686407702,0.40873780133903187,9,A,1
1.4469778843537329,4.418330942383136,7.962414505413685,0.12287248405749311,1,C,0
0.19655477651157463,3.345258973798298,2.7194603941844875,1.8544977053136842,26,A,0
1.0318445394686349,1.5972040281412516,6.9235892246105815,2.8852407598432426,38,B,0
-1.485560373036972,0.6632116618770689,2.640619846937188,1.4821611815681837,38,C,0
0.26705026586925884,-1.2277231019939574,9.390684794502915,0.514364255753828,61,A,0
0.889630795623437,0.9212700211363698,6.363742815333744,2.1963566258566187,44,A,0
0.08228398927542419,1.6833046417584585,3.245118001753421,0.16699307154142984,86,C,0
1.0654803750653512,0.5192307092732245,2.6951186229227266,1.1661966818636078,44,B,0
-0.5172884501003722,1.8031145493615428,1.909265850716435,0.35673897319889397,74,C,0
1.40934744018558,2.1152778244381523,6.946409588937278,0.40780728977822406,62,A,0
2.2988981236192503,1.6627160272878823,2.187156129979273,0.4520302134673321,6,A,0
-0.36283856043965906,1.0249961287648104,5.953032659274891,0.9778251461834561,17,A,1
-0.4455025214007718,2.2529820079500915,2.646350269253573,0.10500954137404687,51,A,1
1.453384477117701,2.6629109743541135,6.619689447938686,1.0143095422915185,38,B,1
1.5795721457307124,0.36440138383573095,8.149397285405392,1.4336811182721734,24,B,0
-0.5228600271532683,4.116398569619405,7.780252431446532,1.3205635662165136,51,A,1
-0.42018681709585753,1.8521178015736075,7.608513309307817,0.9650727959487726,10,B,0
-0.2817846088605074,2.0282744344172716,1.8772240569225207,3.6545238759782963,72,B,0
-1.344450511034277,3.062321634884836,0.8838494698451871,0.31407195892211287,21,B,0
-0.9186519464841982,2.3498241968952525,6.989488284873856,1.4092121423115367,70,A,1
-1.0041407667520679,3.429704950869868,3.683472137943513,0.1280989709773141,85,C,0
-0.7677975651041284,2.4306862478027362,4.3234622640334734,0.14762826208784324,57,C,0
-0.034684887386781105,1.081343938039343,0.31149092793391064,1.7060021508484982,39,C,0
0.23421473253652023,2.5422552878091524,2.595764492750492,1.6695063988829757,88,A,1
1.5505004928140769,0.28441068901900735,0.3367640387446402,4.208017934861908,33,B,1
-0.998354040738791,2.1628395586647846,8.791857726012477,1.6323192721278295,59,B,0
0.9843223984765838,1.9501550140333088,2.4339668321853045,6.427329870575044,18,A,0
-0.21398884422550896,1.6878247140911904,5.5733716957300805,0.09984078691583852,56,A,0
-0.049463709652432936,1.807193732841604,0.3897932066113041,0.2062985573367592,92,C,1
0.6748194921666035,-0.8227735682464586,6.66847391305658,0.09013252232001011,57,C,0
-1.1227220215622986,1.1769126383885578,3.230273457540939,0.40981383422204104,96,A,1
0.3824097461840506,2.139267351711672,8.979191869576658,1.5585874382785216,76,C,0
0.16645220821305598,2.2397845879961005,8.881181889340358,2.0745011369763393,48,B,1
0.4924512640081488,0.4584872886110628,3.252906183617478,0.09331371426792875,42,A,0
0.2891686439078181,3.8985617612970507,9.009608956904678,5.836464601468577,27,A,0
2.4553001399108942,0.700737727678249,9.961576734987789,3.6924149635517485,74,B,0
-0.637739984251316,3.454185800790105,8.254156641239481,0.7036946091209195,52,B,0
-0.5309969550018176,2.6407915428075275,8.448713477552289,0.16065847959723786,42,B,0
-0.6231405264247644,1.0306590352342955,2.4900873610908993,0.3723870621674786,32,C,1
-0.5554771191602547,4.662966338914267,5.767023988577563,0.27151210498967454,26,A,0
-0.6373871273065177,0.20954475236527992,0.6725591396736785,0.2631438371228678,25,C,1
1.1890165311075518,3.378731260415002,0.9491793682166971,1.4619543472751453,75,B,1
1.4205042479898549,3.5008734770644674,9.988926120332906,0.5643212010594189,23,C,0
-0.5707462937494763,0.9940696863850327,3.2663924942591094,0.8867692519376058,98,B,1
-0.8323555731042287,4.088697950096493,7.481839120488464,9.113776184457235,57,C,1
0.4714155563864041,1.624930228101571,8.066650530268165,2.3060160376435577,52,C,0
-0.5522230442809716,2.4330404439197855,8.580232710072291,5.951101281159521,87,B,1
0.6329318177555111,2.390482758156831,9.976282974021565,0.30760011101690216,93,C,0
0.2029230208512997,1.7985368877941783,2.414964852568678,0.9629850688540578,31,A,0
-1.515744114997232,3.216212409739673,0.40350826859699707,1.6181569782139775,64,C,1
1.5475052013300616,3.1902330808283192,4.11191517994586,0.15972791472624923,71,C,0
1.7958776730955217,-0.6227979598572712,1.3008066982894695,0.00839247104463667,33,A,0
-0.612788690484386,3.9565103643172286,0.22425889162055124,2.219959308891726,85,B,0
-0.38770155993598404,-0.4937379820535115,3.604268271414861,2.05343655321216,2,A,1
0.28586539072490513,3.548819306512486,7.837382510752365,1.0579412054399708,18,C,1
0.33445678998702516,3.690057705241375,5.661806912250709,1.345293813085144,47,B,0
0.6585442726728304,0.36355035467720265,3.1277798921035407,1.0738019691807457,33,C,1
2.0102045387663496,1.3837785680681227,6.543420054927197,0.04859572296171013,98,C,1
-0.1769472274940494,0.3414429972710964,2.320181803088107,0.8170544017175703,84,A,0
-0.7982972445384537,1.677618454566897,0.14381446072085025,0.3897980582094168,35,A,0
-1.3793192280145272,1.537948573721388,7.643533864364274,0.20722229139925516,51,B,1
-0.7309300399419191,3.1694907984040097,6.237430848640091,6.280149339327966,18,B,1
-0.033126972873797095,3.965463119179413,7.6230262450096,1.829382648428364,88,B,1
1.7945578635177877,4.093525716184934,0.3893801668766561,2.608737875791016,72,C,0
-0.5176112990361714,1.1567479601325468,8.371196278306522,0.7577351876481495,30,A,0
0.2237879516388985,1.6861671893832084,6.195262000363034,0.9989378105342606,44,A,0
-0.016422896072752075,-0.525157288331425,5.633953507126401,0.5407952756893024,53,A,0
1.188393273448084,0.791194900255717,6.246140481145316,0.20398941927636227,10,B,0
2.5269324258736217,3.447277449646186,8.644332468683642,0.3945414110476706,87,A,1
-0.5308687729203206,4.423374235322347,5.86936506558907,3.1941695086596855,52,A,0
-0.48943944251822213,0.14847669218011694,5.809503798881793,2.263588368822698,49,A,1
1.044160877069072,1.1113036112706587,9.906791570657658,1.583412318337563,11,B,0
0.6818914896263114,1.9603913645616096,7.56730167068568,1.2890564349149425,66,A,0
1.8467073257360336,2.4202417382294095,4.422938054511353,5.113259498215055,58,B,0
0.5839281853259639,0.7855947201175308,7.073970000329277,0.15103165911722172,90,A,0
-0.35929209078705954,2.6360915666961344,3.892304716917885,0.6586777563207812,36,A,0
0.5906548306923093,1.2892409793936257,2.28875462483499,0.8613746215431589,33,A,1
1.1087035805829077,1.9783215936825813,5.968518768877594,3.0504307866758915,47,B,1
0.8204821811973643,2.8194263720055495,9.281820981139514,9.789607031668986,13,B,0
0.5072740311072979,2.0096334047164066,9.291395200154627,0.550638982756573,40,A,0
1.066674689589154,1.345421164210147,3.419052781054903,4.147831022890391,89,C,1
1.1692955904456728,1.8355852941112538,5.276774662216949,3.551253729785318,68,B,0
1.3821589910375272,1.867455561191997,2.116358985698612,0.5089005595057107,42,B,0
0.6487098875896427,1.444983455176808,9.956311094988834,1.019427751304753,19,A,0
-0.16711808031685435,1.6118059059993464,9.811179078679357,1.0541568738232674,82,C,1
0.14671368643332283,4.3979707557570755,6.495089297074474,7.653587712928802,94,A,0
1.2065089665083568,2.841379171911858,8.044140596774733,0.399078430580872,19,B,0
-0.8169356709872361,1.5567795229562595,7.151001612837,3.2104732116383348,58,B,1
0.3686733088729012,3.0454316067661034,5.931582190394682,0.8135100218697903,23,A,0
-0.3933388123273607,1.4992707653659851,0.533479969888977,2.6251240590719855,54,A,0
0.028744822934817487,3.759686956379962,4.54764342552661,1.0894922970904337,80,C,0
1.2784518626072987,2.554463288297141,6.747863021674105,1.7272056955616404,65,C,1
0.19109906801990334,1.8390467839936568,6.775316138836846,3.5748789078052865,12,B,0
0.04643654815614881,2.671575388715416,3.7312261842238357,3.2609713920670957,24,C,1
-1.3598561409799192,-0.35631422810274893,9.416919866580306,4.026157124852698,34,C,1
0.7462535660272207,0.3098487966352921,1.67357032236781,0.12293677172784434,53,B,0
0.6454841811410754,0.20911249040141688,5.003594462155606,2.3556392854516455,8,B,1
2.16325472330546,2.21441464214556,6.908839765508228,0.30161642322359905,18,B,0
-0.30777823495300055,4.598772499227638,6.971358058918092,1.0750873464017279,57,B,0
0.21915032766393877,5.346950219288948,6.486389567688155,1.5907515009003133,5,A,0
0.24938368371075526,2.9570766521611356,2.7528821345186016,1.0308037736291078,26,B,0
1.5774532797634744,2.7512667124166854,1.5620656868662197,1.4663209868152987,30,B,0
-0.0952955323869521,-0.7015866012291084,6.3594032682671084,11.325075007210891,54,B,0
0.27902152577033923,1.1859893003989674,5.993021161394378,0.29055406667915096,13,C,0
0.6078965097165392,0.8183243721376416,1.7935601028924097,2.250668597004573,83,B,1
0.1866091231563581,1.068728602623326,7.051391455705634,1.0083653620495725,29,A,0
-0.44643361455052827,1.7477842721228156,4.551719917336564,0.2854552087000837,3,A,1
0.19408999289830758,1.2918641334543093,6.6776059160315295,0.34570132734730624,90,B,0
1.073631749859772,-0.9689497155636816,8.373670797701507,5.962598120437668,58,A,0
-1.0265152994110602,3.1218653841763007,1.6972842857692316,4.233896354690996,76,C,0
0.132969674146876,0.39088546139029023,0.1914486799683668,4.751214149805556,2,B,0
-0.7001208149391732,2.3588702961667245,7.791025863957868,9.543105097269025,75,A,0
1.1950466289248425,5.11112400462496,6.096974251526159,0.46718437237191945,28,A,1
-1.5231869047837747,0.6209231126203649,6.996395696221217,0.8783726749397677,82,B,1
-0.5589218472715883,-1.7954312841194946,8.381549749886425,2.2125976889339727,77,A,1
0.37721187506452086,1.5709936671798337,8.028109348245005,1.3225318240263813,86,B,0
1.5655240292343404,3.651439452497857,9.609201469288246,1.0839087133403467,76,A,1
-0.0657502610729878,4.937521181330891,5.359350788521182,0.8857460287055204,2,C,0
-0.5551995266931983,0.15567560832137473,4.884956326599053,1.8017238997760014,7,A,0
1.88115706944059,2.7450488348547823,4.018871998907301,1.7141267769584942,26,A,1
-1.448013900416244,1.30203431482992,1.5369104284420454,0.35218082328368844,90,B,1
-2.198805956620082,1.8410774685437965,5.726072328820225,1.276332769311519,88,A,0
0.4400144500533324,5.966515020525552,2.7701252432597876,1.6125053389743549,76,B,0
-0.5020542243526112,-0.2544554925927298,9.213075122129755,1.6892751848263605,16,C,0
-1.0212328171307132,2.3806094922418604,5.8319080427709755,0.4717160599164801,23,B,1
0.7083564472993533,2.70153975764815,5.928401805081101,2.7116963113171613,40,B,0
0.24380071377119883,3.6286794874090207,3.5492466087701002,0.051044057304785444,60,A,1
-0.5640786307367284,2.146974730206343,0.5198935197770749,0.8764886141589814,73,C,0
-1.2803043986708944,2.462075809256153,0.3174376537298862,3.030189568652909,32,B,0
0.8724573282801447,1.4125271488673137,4.233351441531975,1.6597349437534448,15,A,0
0.650201177958661,2.403690411867661,0.8456537809723785,0.6053543652284757,13,A,0
-0.09917586377938291,1.4852115867538842,6.068469555401391,2.374579614228945,5,B,0
1.8466369960476658,2.932357834784076,8.809730056396575,1.6758416643098868,75,A,1
-1.0700847663261526,1.445584495934549,8.829148165187222,3.181660325443592,74,B,1
-1.5255251709247388,2.56565059085328,6.590454101322324,2.656240999476924,52,B,1
-0.6919080698812444,1.9561057794725325,2.1123183147293103,1.8837706026463972,77,B,1
-0.045586016355497805,3.689075376158252,8.629968313588721,1.339555472520325,41,C,1
0.24333944932269183,1.9229094146172707,8.860934353132082,0.2858527769504676,53,B,0
-0.24123605785632987,-0.6595487023103221,1.966535849529587,0.6058161854653805,50,A,1
0.3520553965142968,3.8928822510709873,7.374260857706773,1.086351493256763,15,C,0
-1.2515394241904443,0.6414015487060716,2.8651954892712297,1.8290809639429815,7,A,0
1.4437646040732597,1.0193504920267702,8.026403123529297,1.4418914294526213,40,C,0
-0.08215117839256883,1.1065080589347618,9.972378999036026,0.679873133665769,28,C,0
1.1172958315881278,4.061657139756226,0.30026005329392813,0.012970684466760604,32,C,0
0.34272534637770413,-1.203511320968044,8.973658657909318,1.371307540439471,99,C,1
0.4567532191537839,6.706622800489992,6.226305335986581,0.6726972564963659,15,A,0
0.5697672802322037,3.584085213599078,9.733826191648213,2.653096867599448,85,B,0
0.4477085600173148,2.3348583711937394,4.650095175264276,0.048475276018500726,70,A,0
0.6427227598675439,1.9176589990755704,8.473879305713737,1.7581238645753365,65,B,0
1.3291525301324314,2.4283311122864855,0.6239406859827723,5.676576474346846,4,A,0
0.19652116970147013,2.781683642569008,3.352790500782957,0.3833122180336847,11,C,0
0.7090037575885123,2.967823378925086,0.6701653775120997,1.2759907444939356,26,C,0
-0.08973569428722672,2.833406699005173,9.753431334790704,0.19174906003761322,61,B,0
1.4401172154494728,2.134371021882873,8.169739072718368,1.9652986821289526,37,B,1
-0.6763923020592697,1.703992369539011,8.525474212459706,1.5993798143798408,23,A,1
1.8009404329108156,1.7730900745197324,9.379652314338943,1.0463549367425338,93,B,0
-0.04015795064434341,1.7076375794709784,0.8510348611978535,1.473684185391598,85,A,0
-1.4307751021180481,3.7006551453005967,3.8559759251333334,4.5378105288617645,91,B,0
0.12810441491078928,2.890335083421293,0.7103488904400213,0.43704424893109267,40,B,1
-0.6810516574748808,-2.41058295199642,2.107931015500286,0.045645971860001654,77,B,0
0.8406435489887243,2.9838511647946415,2.293657770376724,3.9561523316185414,23,C,0
-0.6526239793023911,2.2921042920781622,4.691072110475787,1.7213198575291382,16,C,1
-0.4461834332147797,1.971936865331154,2.685621674536426,4.426557719206009,94,A,0
-1.889540730945531,1.4172223203666712,1.009781068177611,1.8173656084406764,61,B,0
-0.4523063192490767,3.6861690799790203,1.674910890941077,3.323158816672084,68,A,0
-2.4238793266289567,3.4212896931842867,1.4727556355209093,1.1230920710735472,80,B,1
-1.5839028234857233,0.8406834982645863,9.730767979122984,2.771468486336635,31,C,1
0.7604146561442974,2.6105784306868025,7.592925069184736,4.8846478097401205,53,C,1
0.7858001586508322,0.5425148981880712,9.67761465269562,1.6978388461896128,25,B,0
0.42545756178496474,-0.06942724718339544,4.397404865079086,0.3988177962125471,44,B,0
-0.966976143129213,1.0599241631150522,2.783684816626566,0.6261299942546554,12,C,1
-0.047711356141979855,3.293590208574138,7.982931972091867,0.44290141221458934,90,C,1
-0.003602539090568403,3.42968756806413,3.262539180411468,0.5670003976291037,97,A,0
-1.1583646891925423,2.7696281301459393,2.9938337370534827,0.7317642558294747,92,C,1
1.5033983017671506,3.0876436802719955,2.325059922078312,1.619963372815338,9,B,0
0.8773622905756714,2.7742674306724378,1.2967897822423535,1.7734232260072749,12,A,0
-0.22096417382966393,1.0377776071655718,2.5646306101676597,1.1119938033674175,69,B,1
0.02688583899453078,2.647883817010911,3.553197484738877,1.9112109539649484,54,A,0
0.20838280794755248,3.200614287841524,6.739942081457304,0.17018990307420442,54,B,1
-2.0417348684242906,3.131436994720362,0.6256484221945158,0.1837662393060301,28,C,0
-0.24717738252059693,3.7833700572119646,2.1050693966534295,0.377072360106581,56,B,0
-0.6819842479977986,3.062455770801596,8.090236402916764,1.459943924349577,99,A,1
-1.0016200098949155,2.5271723113123743,1.4692192358377076,0.4815834329438416,69,B,1
-0.2811002928859549,3.605225357474641,3.4264514652252154,0.6661523493254228,98,A,0
1.7976865268495226,1.9602181111264099,8.6465892185814,1.022694306721135,98,B,0
0.6408428612670098,0.6771880231584229,1.5492531114344266,3.341202926503655,77,C,1
-0.5711789897827968,1.755399554084354,0.827368356181899,0.027918225128475253,58,C,0
0.5725827813561586,0.8826460327903264,4.845379950800108,2.096097796540102,78,B,1
